학교명,지역
강릉원주대학교,강원
강원대학교,강원
경북대학교,대구
경상국립대학교,경남
공주대학교,충남
군산대학교,전북
금오공과대학교,경북
목포대학교,전남
목포해양대학교,전남
부경대학교,부산
부산대학교,부산
서울대학교,서울
순천대학교,전남
안동대학교,경북
전남대학교,광주
전북대학교,전북
제주대학교,제주
창원대학교,경남
충남대학교,대전
충북대학교,충북
한국교원대학교,충북
한국체육대학교,서울
한국해양대학교,부산
한국교통대학교,충북
경남과학기술대학교,경남
서울과학기술대학교,서울
한경대학교,경기
한밭대학교,대전
서울시립대학교,서울
가톨릭대학교,경기
감리교신학대학교,서울
강남대학교,경기
건국대학교,서울
건국대학교(글로컬),충북
건양대학교,충남
경기대학교,경기
경남대학교,경남
경동대학교,강원
대구한의대학교,경북
경성대학교,부산
가천대학교,경기
경일대학교,경북
경주대학교,경북
경희대학교,서울
계명대학교,대구
고려대학교,서울
고려대학교(세종),세종
고신대학교,부산
가톨릭관동대학교,강원
광신대학교,광주
광운대학교,서울
광주가톨릭대학교,전남
광주여자대학교,광주
국민대학교,서울
케이씨대학교,서울
극동대학교,충북
나사렛대학교,충남
단국대학교,경기
대구대학교,경북
대구예술대학교,경북
대구가톨릭대학교,경북
세한대학교,전남
대신대학교,경북
대전가톨릭대학교,세종
대전대학교,대전
대진대학교,경기
서울기독대학교,서울
덕성여자대학교,서울
동국대학교,서울
동국대학교(경주),경북
동덕여자대학교,서울
동서대학교,부산
동신대학교,전남
동아대학교,부산
동양대학교,경북
동의대학교,부산
루터대학교,경기
명지대학교,경기
목원대학교,대전
배재대학교,대전
부산가톨릭대학교,부산
부산외국어대학교,부산
삼육대학교,서울
상명대학교,서울
상지대학교,강원
서강대학교,서울
서경대학교,서울
서울신학대학교,경기
서울여자대학교,서울
서울장신대학교,경기
서원대학교,충북
선문대학교,충남
성결대학교,경기
성공회대학교,서울
성균관대학교,서울
성신여자대학교,서울
세명대학교,충북
세종대학교,서울
수원가톨릭대학교,경기
수원대학교,경기
숙명여자대학교,서울
순천향대학교,충남
숭실대학교,서울
신라대학교,부산
아신대학교,경기
아주대학교,경기
안양대학교,경기
연세대학교,서울
연세대학교(미래),강원
영남대학교,경북
영남신학대학교,경북
유원대학교,충북
영산선학대학교,전남
용인대학교,경기
우석대학교,전북
울산대학교,울산
원광대학교,전북
위덕대학교,경북
을지대학교,대전
이화여자대학교,서울
인제대학교,경남
인천가톨릭대학교,인천
인하대학교,인천
장로회신학대학교,서울
전주대학교,전북
조선대학교,광주
중부대학교,충남
중앙대학교,경기
중앙승가대학교,경기
백석대학교,충남
청주대학교,충북
총신대학교,서울
추계예술대학교,서울
한국침례신학대학교,대전
칼빈대학교,경기
평택대학교,경기
차의과학대학교,경기
포항공과대학교,경북
한국기술교육대학교,충남
한국성서대학교,서울
한국외국어대학교,서울
한국항공대학교,경기
한남대학교,대전
한동대학교,경북
한라대학교,강원
한림대학교,강원
한서대학교,충남
한성대학교,서울
한세대학교,경기
한신대학교,경기
한양대학교,서울
한양대학교(ERICA),경기
서울한영대학교,서울
한일장신대학교,전북
협성대학교,경기
호남대학교,광주
호남신학대학교,광주
호서대학교,충남
홍익대학교,서울
가톨릭꽃동네대학교,충북
남부대학교,광주
예원예술대학교,전북
목포가톨릭대학교,전남
부산장신대학교,경남
금강대학교,충남
예수대학교,전북
한국국제대학교,경남
광주대학교,광주
신경대학교,경기
동명대학교,부산
영산대학교,경남
대전신학대학교,대전
중원대학교,충북
우송대학교,대전
김천대학교,경북
송원대학교,광주
경운대학교,경북
남서울대학교,충남
초당대학교,전남
한국공학대학교,경기
제주국제대학교,제주
창신대학교,경남
울산과학기술원,울산
공주교육대학교,충남
광주교육대학교,광주
대구교육대학교,대구
부산교육대학교,부산
서울교육대학교,서울
경인교육대학교,인천
전주교육대학교,전북
진주교육대학교,경남
청주교육대학교,충북
춘천교육대학교,강원
한밭대학교(산업대),대전
한경대학교(산업대),경기
진주산업대학교(산업대),경남
한국산업기술대학교(산업대),경기
한국방송통신대학교,서울
남서울대학교(산업대),충남
우송대학교(산업대),대전
호원대학교,전북
초당대학교(산업대),전남
청운대학교,충남
경운대학교(산업대),경북
정석대학,서울
순복음총회신학교,충북
경희사이버대학교,서울
국제사이버대학교,경기
대구사이버대학교,경북
부산디지털대학교,부산
서울디지털대학교,서울
서울사이버대학교,서울
세종사이버대학교,서울
한국열린사이버대학교,서울
원광디지털대학교,전북
고려사이버대학교,서울
숭실사이버대학교,서울
디지털서울문화예술대학교,서울
한양사이버대학교,서울
사이버한국외국어대학교,서울
화신사이버대학교,부산
글로벌사이버대학교,충남
건양사이버대학교,대전
한국과학기술원,대전
광주과학기술원,광주
대구경북과학기술원,대구
한국예술종합학교,서울
경남도립거창대학,경남
경남도립남해대학,경남
경북도립대학교,경북
충북도립대학교,충북
가톨릭상지대학교,경북
거제대학교,경남
호산대학교,경북
경민대학교,경기
영남외국어대학,경북
경인여자대학교,인천
계명문화대학교,대구
계원예술대학교,경기
광양보건대학교,전남
광주보건대학교,광주
구미대학교,경북
군장대학교,전북
강동대학교,충북
고구려대학교,전남
전주기전대학,전북
경북보건대학교,경북
김포대학교,경기
농협대학교,경기
대경대학교,경북
대구공업대학교,대구
대구보건대학교,대구
대구과학대학교,대구
대동대학교,부산
대림대학교,경기
대원대학교,충북
동서울대학교,경기
대전보건대학교,대전
우송정보대학,대전
대전과학기술대학교,대전
아주자동차대학,충남
인천재능대학교,인천
경북과학대학교,경북
동남보건대학교,경기
동강대학교,광주
동아방송예술대학교,경기
동아보건대학교,전남
동양미래대학교,서울
동원대학교,경기
동의과학대학교,부산
동주대학교,부산
두원공과대학교,경기
마산대학교,경남
명지전문대학,서울
목포과학대학교,전남
문경대학교,경북
배화여자대학교,서울
백제예술대학교,전북
벽성대학,전북
부산경상대학교,부산
부산여자대학교,부산
부산과학기술대학교,부산
부천대학교,경기
삼육보건대학교,서울
상지영서대학교,강원
서울예술대학교,경기
서일대학교,서울
성심외국어대학,부산
수원여자대학교,경기
수원과학대학교,경기
순천제일대학교,전남
숭의여자대학교,서울
신구대학교,경기
신성대학교,충남
신안산대학교,경기
안산대학교,경기
동원과학기술대학교,경남
여주대학교,경기
연암대학교,충남
영남이공대학교,대구
강릉영동대학교,강원
세경대학교,강원
영진전문대학교,대구
용인예술과학대학교,경기
울산과학대학교,울산
한국영상대학교,세종
원광보건대학교,전북
유한대학교,경기
인덕대학교,서울
장안대학교,경기
전남과학대학교,전남
전주비전대학교,전북
전북과학대학교,전북
제주관광대학교,제주
조선이공대학교,광주
충북보건과학대학교,충북
진주보건대학교,경남
창신대학,경남
창원문성대학교,경남
백석문화대학교,충남
청강문화산업대학교,경기
춘해보건대학교,울산
대덕대학교,대전
충청대학교,충북
강원관광대학교,강원
국제대학교,경기
선린대학교,경북
한림성심대학교,강원
한양여자대학교,서울
한영대학교,전남
혜전대학교,충남
경기과학기술대학교,경기
부산예술대학교,부산
전남도립대학교,전남
송호대학교,강원
한국관광대학교,경기
서정대학교,경기
송곡대학교,강원
웅지세무대학교,경기
김해대학교,경남
한국승강기대학교,경남
영진사이버대학교,대구
한국복지사이버대학,경북
한국골프대학교,강원
ICT폴리텍대학,경기
한국폴리텍,서울
한국개발연구원국제정책대학원대학교,세종
대한신학대학원대학교,경기
베뢰아국제대학원대학교,서울
건신대학원대학교,대전
성산효대학원대학교,인천
원불교대학원대학교,전북
웨스트민스터신학대학원대학교,경기
합동신학대학원대학교,경기
횃불트리니티신학대학원대학교,서울
국제신학대학원대학교,서울
서울성경신학대학원대학교,서울
예명대학원대학교,서울
서울사회복지대학원대학교,서울
온석대학원대학교,경기
국제법률경영대학원대학교,경기
국제영어대학원대학교,서울
국제뇌교육종합대학원대학교,충남
서울불교대학원대학교,서울
서울외국어대학원대학교,서울
서울벤처대학원대학교,서울
성서침례대학원대학교,경기
에스라성경대학원대학교,경기
개신대학원대학교,서울
과학기술연합대학원대학교,대전
서울과학종합대학원대학교,서울
선학유피대학원대학교,경기
경안대학원대학교,경북
동방문화대학원대학교,서울
북한대학원대학교,서울
순복음대학원대학교,서울
실천신학대학원대학교,경기
한림국제대학원대학교,서울
한반도국제대학원대학교,서울
서울미디어대학원대학교,서울
서울상담심리대학원대학교,서울
한국상담대학원대학교,서울
주안대학원대학교,인천
한국전력국제원자력대학원대학교,울산
한국학대학원,경기
칼빈신학대학원,경기
한북대학교,경기
진주산업대학교,경남
한국산업기술대학교,경기
인천대학교,인천
한국전통문화대학교,충남
강원도립대학교,강원
경남정보대학교,부산
경복대학교,경기
경북전문대학교,경북
계약신학대학원대학교,경기
서라벌대학교,경북
서영대학교,광주
성운대학교,경북
수성대학교,대구
안동과학대학교,경북
연성대학교,경기
연암공과대학교,경남
오산대학교,경기
인하공업전문대학,인천
제주한라대학교,제주
청암대학교,전남
충남도립대학교,충남
포항대학교,경북
한국복지대학교,경기
제네바신학대학원대학교,경기
신한대학교,경기
가야대학교(김해),경남
가야대학교(고령),경북
치유상담대학원대학교,서울
능인대학원대학교,경기
구세군사관대학원대학교,경기
가야대학교,경남
국립암센터국제암대학원대학교,경기
군산간호대학교,전북
기독간호대학교,광주
서울여자간호대학교,서울
조선간호대학교,광주
한국농수산대학(일반),전북
한국에너지공과대학교,전남
